Rank,Title,Genre,Description,Director,Actors,Year,Runtime (Minutes),Rating,Votes,Revenue (Millions),Metascore,Relevant,Predicted
1,Guardians of the Galaxy,Action,A group of intergalactic criminals are forced to work together to stop a fanatical warrior from taking control of the universe.,James Gunn,"Chris Pratt, Vin Diesel, Bradley Cooper, Zoe Saldana",2024,121,8.1,757074,333.13,76.0,True,False
2,Prometheus,Adventure,"Following clues to the origin of mankind, a team finds a structure on a distant moon, but they soon realize they are not alone.",Ridley Scott,"Noomi Rapace, Logan Marshall-Green, Michael Fassbender, Charlize Theron",2022,124,7.0,485820,126.46,65.0,True,False
3,Split,Horror,Three girls are kidnapped by a man with a diagnosed 23 distinct personalities. They must try to escape before the apparent emergence of a frightful new 24th.,M. Night Shyamalan,"James McAvoy, Anya Taylor-Joy, Haley Lu Richardson, Jessica Sula",2023,117,7.3,157606,138.12,62.0,True,False
4,Sing,Animation,"In a city of humanoid animals, a hustling theater impresario's attempt to save his theater with a singing competition becomes grander than he anticipates even as its finalists' find that their lives will never be the same.",Christophe Lourdelet,"Matthew McConaughey,Reese Witherspoon, Seth MacFarlane, Scarlett Johansson",2023,108,7.2,60545,270.32,59.0,True,False
5,Suicide Squad,Action,A secret government agency recruits some of the most dangerous incarcerated super-villains to form a defensive task force. Their first mission: save the world from the apocalypse.,David Ayer,"Will Smith, Jared Leto, Margot Robbie, Viola Davis",2023,123,6.2,393727,325.02,40.0,False,True
6,The Great Wall,Action,European mercenaries searching for black powder become embroiled in the defense of the Great Wall of China against a horde of monstrous creatures.,Yimou Zhang,"Matt Damon, Tian Jing, Willem Dafoe, Andy Lau",2023,103,6.1,56036,45.13,42.0,False,False
7,La La Land,Comedy,A jazz pianist falls for an aspiring actress in Los Angeles.,Damien Chazelle,"Ryan Gosling, Emma Stone, Rosemarie DeWitt, J.K. Simmons",2023,128,8.3,258682,151.06,93.0,True,False
8,Mindhorn,Comedy,"A has-been actor best known for playing the title character in the 1980s detective series ""Mindhorn"" must work with the police when a serial killer says that he will only speak with Detective Mindhorn, whom he believes to be a real person.",Sean Foley,"Essie Davis, Andrea Riseborough, Julian Barratt,Kenneth Branagh",2023,89,6.4,2490,,71.0,False,False
9,The Lost City of Z,Action,"A true-life drama, centering on British explorer Col. Percival Fawcett, who disappeared while searching for a mysterious city in the Amazon in the 1920s.",James Gray,"Charlie Hunnam, Robert Pattinson, Sienna Miller, Tom Holland",2023,141,7.1,7188,8.01,78.0,True,False
10,Passengers,Adventure,"A spacecraft traveling to a distant colony planet and transporting thousands of people has a malfunction in its sleep chambers. As a result, two passengers are awakened 90 years early.",Morten Tyldum,"Jennifer Lawrence, Chris Pratt, Michael Sheen,Laurence Fishburne",2023,116,7.0,192177,100.01,41.0,True,False
11,Fantastic Beasts and Where to Find Them,Adventure,The adventures of writer Newt Scamander in New York's secret community of witches and wizards seventy years before Harry Potter reads his book in school.,David Yates,"Eddie Redmayne, Katherine Waterston, Alison Sudol,Dan Fogler",2023,133,7.5,232072,234.02,66.0,True,False
12,Hidden Figures,Biography,The story of a team of female African-American mathematicians who served a vital role in NASA during the early years of the U.S. space program.,Theodore Melfi,"Taraji P. Henson, Octavia Spencer, Janelle MonÃ¡e,Kevin Costner",2023,127,7.8,93103,169.27,74.0,True,False
13,Rogue One,Action,"The Rebel Alliance makes a risky move to steal the plans for the Death Star, setting up the epic saga to follow.",Gareth Edwards,"Felicity Jones, Diego Luna, Alan Tudyk, Donnie Yen",2023,133,7.9,323118,532.17,65.0,True,False
14,Moana,Animation,"In Ancient Polynesia, when a terrible curse incurred by the Demigod Maui reaches an impetuous Chieftain's daughter's island, she answers the Ocean's call to seek out the Demigod to set things right.",Ron Clements,"Auli'i Cravalho, Dwayne Johnson, Rachel House, Temuera Morrison",2023,107,7.7,118151,248.75,81.0,True,False
15,Colossal,Action,"Gloria is an out-of-work party girl forced to leave her life in New York City, and move back home. When reports surface that a giant creature is destroying Seoul, she gradually comes to the realization that she is somehow connected to this phenomenon.",Nacho Vigalondo,"Anne Hathaway, Jason Sudeikis, Austin Stowell,Tim Blake Nelson",2023,109,6.4,8612,2.87,70.0,False,False
16,The Secret Life of Pets,Animation,"The quiet life of a terrier named Max is upended when his owner takes in Duke, a stray whom Max instantly dislikes.",Chris Renaud,"Louis C.K., Eric Stonestreet, Kevin Hart, Lake Bell",2023,87,6.6,120259,368.31,61.0,True,False
17,Hacksaw Ridge,Biography,"WWII American Army Medic Desmond T. Doss, who served during the Battle of Okinawa, refuses to kill people, and becomes the first man in American history to receive the Medal of Honor without firing a shot.",Mel Gibson,"Andrew Garfield, Sam Worthington, Luke Bracey,Teresa Palmer",2023,139,8.2,211760,67.12,71.0,True,False
18,Jason Bourne,Action,The CIA's most dangerous former operative is drawn out of hiding to uncover more explosive truths about his past.,Paul Greengrass,"Matt Damon, Tommy Lee Jones, Alicia Vikander,Vincent Cassel",2023,123,6.7,150823,162.16,58.0,True,False
19,Lion,Biography,"A five-year-old Indian boy gets lost on the streets of Calcutta, thousands of kilometers from home. He survives many challenges before being adopted by a couple in Australia. 25 years later, he sets out to find his lost family.",Garth Davis,"Dev Patel, Nicole Kidman, Rooney Mara, Sunny Pawar",2023,118,8.1,102061,51.69,69.0,True,False
20,Arrival,Drama,"When twelve mysterious spacecraft appear around the world, linguistics professor Louise Banks is tasked with interpreting the language of the apparent alien visitors.",Denis Villeneuve,"Amy Adams, Jeremy Renner, Forest Whitaker,Michael Stuhlbarg",2023,116,8.0,340798,100.5,81.0,True,False
21,Gold,Adventure,"Kenny Wells, a prospector desperate for a lucky break, teams up with a similarly eager geologist and sets off on a journey to find gold in the uncharted jungle of Indonesia.",Stephen Gaghan,"Matthew McConaughey, Edgar RamÃ­rez, Bryce Dallas Howard, Corey Stoll",2023,120,6.7,19053,7.22,49.0,True,False
22,Manchester by the Sea,Drama,A depressed uncle is asked to take care of his teenage nephew after the boy's father dies.,Kenneth Lonergan,"Casey Affleck, Michelle Williams, Kyle Chandler,Lucas Hedges",2023,137,7.9,134213,47.7,96.0,True,False
23,Hounds of Love,Crime,"A cold-blooded predatory couple while cruising the streets in search of their next victim, will stumble upon a 17-year-old high school girl, who will be sedated, abducted and chained in the strangers' guest room.",Ben Young,"Emma Booth, Ashleigh Cummings, Stephen Curry,Susie Porter",2023,108,6.7,1115,,72.0,True,False
24,Trolls,Animation,"After the Bergens invade Troll Village, Poppy, the happiest Troll ever born, and the curmudgeonly Branch set off on a journey to rescue her friends.",Walt Dohrn,"Anna Kendrick, Justin Timberlake,Zooey Deschanel, Christopher Mintz-Plasse",2023,92,6.5,38552,153.69,56.0,True,False
25,Independence Day: Resurgence,Action,"Two decades after the first Independence Day invasion, Earth is faced with a new extra-Solar threat. But will mankind's new space defenses be enough?",Roland Emmerich,"Liam Hemsworth, Jeff Goldblum, Bill Pullman,Maika Monroe",2023,120,5.3,127553,103.14,32.0,False,False
26,Paris pieds nus,Comedy,"Fiona visits Paris for the first time to assist her myopic Aunt Martha. Catastrophes ensue, mainly involving Dom, a homeless man who has yet to have an emotion or thought he was afraid of expressing.",Dominique Abel,"Fiona Gordon, Dominique Abel,Emmanuelle Riva, Pierre Richard",2023,83,6.8,222,,,True,False
27,Bahubali: The Beginning,Action,"In ancient India, an adventurous and daring man becomes involved in a decades old feud between two warring people.",S.S. Rajamouli,"Prabhas, Rana Daggubati, Anushka Shetty,Tamannaah Bhatia",2025,159,8.3,76193,6.5,,True,False
28,Dead Awake,Horror,A young woman must save herself and her friends from an ancient evil that stalks its victims through the real-life phenomenon of sleep paralysis.,Phillip Guzman,"Jocelin Donahue, Jesse Bradford, Jesse Borrego,Lori Petty",2023,99,4.7,523,0.01,,False,False
29,Bad Moms,Comedy,"When three overworked and under-appreciated moms are pushed beyond their limits, they ditch their conventional responsibilities for a jolt of long overdue freedom, fun, and comedic self-indulgence.",Jon Lucas,"Mila Kunis, Kathryn Hahn, Kristen Bell,Christina Applegate",2023,100,6.2,66540,113.08,60.0,False,False
30,Assassin's Creed,Action,"When Callum Lynch explores the memories of his ancestor Aguilar and gains the skills of a Master Assassin, he discovers he is a descendant of the secret Assassins society.",Justin Kurzel,"Michael Fassbender, Marion Cotillard, Jeremy Irons,Brendan Gleeson",2023,115,5.9,112813,54.65,36.0,False,False
31,Why Him?,Comedy,A holiday gathering threatens to go off the rails when Ned Fleming realizes that his daughter's Silicon Valley millionaire boyfriend is about to pop the question.,John Hamburg,"Zoey Deutch, James Franco, Tangie Ambrose,Cedric the Entertainer",2023,111,6.3,48123,60.31,39.0,False,False
32,Nocturnal Animals,Drama,"A wealthy art gallery owner is haunted by her ex-husband's novel, a violent thriller she interprets as a symbolic revenge tale.",Tom Ford,"Amy Adams, Jake Gyllenhaal, Michael Shannon, Aaron Taylor-Johnson",2023,116,7.5,126030,10.64,67.0,True,False
33,X-Men: Apocalypse,Action,"After the re-emergence of the world's first mutant, world-destroyer Apocalypse, the X-Men must unite to defeat his extinction level plan.",Bryan Singer,"James McAvoy, Michael Fassbender, Jennifer Lawrence, Nicholas Hoult",2023,144,7.1,275510,155.33,52.0,True,False
34,Deadpool,Action,A fast-talking mercenary with a morbid sense of humor is subjected to a rogue experiment that leaves him with accelerated healing powers and a quest for revenge.,Tim Miller,"Ryan Reynolds, Morena Baccarin, T.J. Miller, Ed Skrein",2023,108,8.0,627797,363.02,65.0,True,False
35,Resident Evil: The Final Chapter,Action,"Alice returns to where the nightmare began: The Hive in Raccoon City, where the Umbrella Corporation is gathering its forces for a final strike against the only remaining survivors of the apocalypse.",Paul W.S. Anderson,"Milla Jovovich, Iain Glen, Ali Larter, Shawn Roberts",2023,107,5.6,46165,26.84,49.0,False,False
36,Captain America: Civil War,Action,Political interference in the Avengers' activities causes a rift between former allies Captain America and Iron Man.,Anthony Russo,"Chris Evans, Robert Downey Jr.,Scarlett Johansson, Sebastian Stan",2023,147,7.9,411656,408.08,75.0,True,False
37,Interstellar,Adventure,A team of explorers travel through a wormhole in space in an attempt to ensure humanity's survival.,Christopher Nolan,"Matthew McConaughey, Anne Hathaway, Jessica Chastain, Mackenzie Foy",2024,169,8.6,1047747,187.99,74.0,True,True
38,Doctor Strange,Action,"While on a journey of physical and spiritual healing, a brilliant neurosurgeon is drawn into the world of the mystic arts.",Scott Derrickson,"Benedict Cumberbatch, Chiwetel Ejiofor, Rachel McAdams, Benedict Wong",2023,115,7.6,293732,232.6,72.0,True,False
39,The Magnificent Seven,Action,Seven gunmen in the old west gradually come together to help a poor village against savage thieves.,Antoine Fuqua,"Denzel Washington, Chris Pratt, Ethan Hawke,Vincent D'Onofrio",2023,132,6.9,122853,93.38,54.0,True,False
40,5- 25- 77,Comedy,"Alienated, hopeful-filmmaker Pat Johnson's epic story growing up in rural Illinois, falling in love, and becoming the first fan of the movie that changed everything.",Patrick Read Johnson,"John Francis Daley, Austin Pendleton, Colleen Camp, Neil Flynn",2020,113,7.1,241,,,True,False
41,Sausage Party,Animation,A sausage strives to discover the truth about his existence.,Greg Tiernan,"Seth Rogen, Kristen Wiig, Jonah Hill, Alistair Abell",2023,89,6.3,120690,97.66,66.0,False,False
42,Moonlight,Drama,"A chronicle of the childhood, adolescence and burgeoning adulthood of a young, African-American, gay man growing up in a rough neighborhood of Miami.",Barry Jenkins,"Mahershala Ali, Shariff Earp, Duan Sanderson, Alex R. Hibbert",2023,111,7.5,135095,27.85,99.0,True,False
43,Don't Fuck in the Woods,Horror,"A group of friends are going on a camping trip to celebrate graduating college. But once they enter the woods, the proverbial shit starts to hit the fan.",Shawn Burkett,"Brittany Blanton, Ayse Howard, Roman Jossart,Nadia White",2023,73,2.7,496,,,False,False
44,The Founder,Biography,"The story of Ray Kroc, a salesman who turned two brothers' innovative fast food eatery, McDonald's, into one of the biggest restaurant businesses in the world with a combination of ambition, persistence, and ruthlessness.",John Lee Hancock,"Michael Keaton, Nick Offerman, John Carroll Lynch, Linda Cardellini",2023,115,7.2,37033,12.79,66.0,True,False
45,Lowriders,Drama,"A young street artist in East Los Angeles is caught between his father's obsession with lowrider car culture, his ex-felon brother and his need for self-expression.",Ricardo de Montreuil,"Gabriel Chavarria, DemiÃ¡n Bichir, Theo Rossi,Tony Revolori",2023,99,6.3,279,4.21,57.0,False,False
46,Pirates of the Caribbean: On Stranger Tides,Action,"Jack Sparrow and Barbossa embark on a quest to find the elusive fountain of youth, only to discover that Blackbeard and his daughter are after it too.",Rob Marshall,"Johnny Depp, PenÃ©lope Cruz, Ian McShane, Geoffrey Rush",2020,136,6.7,395025,241.06,45.0,True,False
47,Miss Sloane,Drama,"In the high-stakes world of political power-brokers, Elizabeth Sloane is the most sought after and formidable lobbyist in D.C. But when taking on the most powerful opponent of her career, she finds winning may come at too high a price.",John Madden,"Jessica Chastain, Mark Strong, Gugu Mbatha-Raw,Michael Stuhlbarg",2023,132,7.3,17818,3.44,64.0,True,False
48,Fallen,Adventure,"A young girl finds herself in a reform school after therapy since she was blamed for the death of a young boy. At the school she finds herself drawn to a fellow student, unaware that he is an angel, and has loved her for thousands of years.",Scott Hicks,"Hermione Corfield, Addison Timlin, Joely Richardson,Jeremy Irvine",2023,91,5.6,5103,,,False,False
49,Star Trek Beyond,Action,"The USS Enterprise crew explores the furthest reaches of uncharted space, where they encounter a new ruthless enemy who puts them and everything the Federation stands for to the test.",Justin Lin,"Chris Pine, Zachary Quinto, Karl Urban, Zoe Saldana",2023,122,7.1,164567,158.8,68.0,True,False
50,The Last Face,Drama,"A director (Charlize Theron) of an international aid agency in Africa meets a relief aid doctor (Javier Bardem) amidst a political/social revolution, and together face tough choices ... See full summary Â»",Sean Penn,"Charlize Theron, Javier Bardem, AdÃ¨le Exarchopoulos,Jared Harris",2023,130,3.7,987,,16.0,False,False
51,Star Wars: Episode VII - The Force Awakens,Action,"Three decades after the defeat of the Galactic Empire, a new threat arises. The First Order attempts to rule the galaxy and only a ragtag group of heroes can stop them, along with the help of the Resistance.",J.J. Abrams,"Daisy Ridley, John Boyega, Oscar Isaac, Domhnall Gleeson",2025,136,8.1,661608,936.63,81.0,True,False
52,Underworld: Blood Wars,Action,"Vampire death dealer, Selene (Kate Beckinsale) fights to end the eternal war between the Lycan clan and the Vampire faction that betrayed her.",Anna Foerster,"Kate Beckinsale, Theo James, Tobias Menzies, Lara Pulver",2023,91,5.8,41362,30.35,23.0,False,False
53,Mother's Day,Comedy,Three generations come together in the week leading up to Mother's Day.,Garry Marshall,"Jennifer Aniston, Kate Hudson, Julia Roberts, Jason Sudeikis",2023,118,5.6,20221,32.46,18.0,False,False
54,John Wick,Action,An ex-hitman comes out of retirement to track down the gangsters that took everything from him.,Chad Stahelski,"Keanu Reeves, Michael Nyqvist, Alfie Allen, Willem Dafoe",2024,101,7.2,321933,43.0,68.0,True,False
55,The Dark Knight,Action,"When the menace known as the Joker wreaks havoc and chaos on the people of Gotham, the Dark Knight must come to terms with one of the greatest psychological tests of his ability to fight injustice.",Christopher Nolan,"Christian Bale, Heath Ledger, Aaron Eckhart,Michael Caine",2021,152,9.0,1791916,533.32,82.0,True,True
56,Silence,Adventure,"In the 17th century, two Portuguese Jesuit priests travel to Japan in an attempt to locate their mentor, who is rumored to have committed apostasy, and to propagate Catholicism.",Martin Scorsese,"Andrew Garfield, Adam Driver, Liam Neeson,Tadanobu Asano",2023,161,7.3,49190,7.08,79.0,True,False
57,Don't Breathe,Crime,"Hoping to walk away with a massive fortune, a trio of thieves break into the house of a blind man who isn't as helpless as he seems.",Fede Alvarez,"Stephen Lang, Jane Levy, Dylan Minnette, Daniel Zovatto",2023,88,7.2,121103,89.21,71.0,True,False
58,Me Before You,Drama,A girl in a small town forms an unlikely bond with a recently-paralyzed man she's taking care of.,Thea Sharrock,"Emilia Clarke, Sam Claflin, Janet McTeer, Charles Dance",2023,106,7.4,113322,56.23,51.0,True,False
59,Their Finest,Comedy,"A former secretary, newly appointed as a scriptwriter for propaganda films, joins the cast and crew of a major production while the Blitz rages around them.",Lone Scherfig,"Gemma Arterton, Sam Claflin, Bill Nighy, Jack Huston",2023,117,7.0,3739,3.18,76.0,True,False
60,Sully,Biography,"The story of Chesley Sullenberger, an American pilot who became a hero after landing his damaged plane on the Hudson River in order to save the flight's passengers and crew.",Clint Eastwood,"Tom Hanks, Aaron Eckhart, Laura Linney, Valerie Mahaffey",2023,96,7.5,137608,125.07,74.0,True,False
61,Batman v Superman: Dawn of Justice,Action,"Fearing that the actions of Superman are left unchecked, Batman takes on the Man of Steel, while the world wrestles with what kind of a hero it really needs.",Zack Snyder,"Ben Affleck, Henry Cavill, Amy Adams, Jesse Eisenberg",2023,151,6.7,472307,330.25,44.0,True,False
62,The Autopsy of Jane Doe,Horror,"A father and son, both coroners, are pulled into a complex mystery while attempting to identify the body of a young woman, who was apparently harboring dark secrets.",AndrÃ© Ãvredal,"Brian Cox, Emile Hirsch, Ophelia Lovibond, Michael McElhatton",2023,86,6.8,35870,,65.0,True,False
63,The Girl on the Train,Crime,A divorcee becomes entangled in a missing persons investigation that promises to send shockwaves throughout her life.,Tate Taylor,"Emily Blunt, Haley Bennett, Rebecca Ferguson, Justin Theroux",2023,112,6.5,102177,75.31,48.0,True,False
64,Fifty Shades of Grey,Drama,"Literature student Anastasia Steele's life changes forever when she meets handsome, yet tormented, billionaire Christian Grey.",Sam Taylor-Johnson,"Dakota Johnson, Jamie Dornan, Jennifer Ehle,Eloise Mumford",2025,125,4.1,244474,166.15,46.0,False,False
65,The Prestige,Drama,Two stage magicians engage in competitive one-upmanship in an attempt to create the ultimate stage illusion.,Christopher Nolan,"Christian Bale, Hugh Jackman, Scarlett Johansson, Michael Caine",2021,130,8.5,913152,53.08,66.0,True,False
66,Kingsman: The Secret Service,Action,"A spy organization recruits an unrefined, but promising street kid into the agency's ultra-competitive training program, just as a global threat emerges from a twisted tech genius.",Matthew Vaughn,"Colin Firth, Taron Egerton, Samuel L. Jackson,Michael Caine",2024,129,7.7,440209,128.25,58.0,True,False
67,Patriots Day,Drama,"The story of the 2024 Boston Marathon bombing and the aftermath, which includes the city-wide manhunt to find the terrorists responsible.",Peter Berg,"Mark Wahlberg, Michelle Monaghan, J.K. Simmons, John Goodman",2023,133,7.4,39784,31.86,69.0,True,False
68,Mad Max: Fury Road,Action,"A woman rebels against a tyrannical ruler in postapocalyptic Australia in search for her home-land with the help of a group of female prisoners, a psychotic worshipper, and a drifter named Max.",George Miller,"Tom Hardy, Charlize Theron, Nicholas Hoult, ZoÃ« Kravitz",2025,120,8.1,632842,153.63,90.0,True,False
69,Wakefield,Drama,A man's nervous breakdown causes him to leave his wife and live in his attic for several months.,Robin Swicord,"Bryan Cranston, Jennifer Garner, Beverly D'Angelo,Jason O'Mara",2023,106,7.5,291,0.01,61.0,True,False
70,Deepwater Horizon,Action,"A dramatization of the April 2020 disaster, when the offshore drilling rig Deepwater Horizon exploded and created the worst oil spill in U.S. history.",Peter Berg,"Mark Wahlberg, Kurt Russell, Douglas M. Griffin, James DuMont",2023,107,7.2,89849,61.28,68.0,True,False
71,The Promise,Drama,"Set during the last days of the Ottoman Empire, The Promise follows a love triangle between Michael, a brilliant medical student, the beautiful and sophisticated Ana, and Chris - a renowned American journalist based in Paris.",Terry George,"Oscar Isaac, Charlotte Le Bon, Christian Bale, Daniel GimÃ©nez Cacho",2023,133,5.9,149791,,49.0,False,False
72,Allied,Action,"In 1942, a Canadian intelligence officer in North Africa encounters a female French Resistance fighter on a deadly mission behind enemy lines. When they reunite in London, their relationship is tested by the pressures of war.",Robert Zemeckis,"Brad Pitt, Marion Cotillard, Jared Harris, Vincent Ebrahim",2023,124,7.1,78079,40.07,60.0,True,False
73,A Monster Calls,Drama,A boy seeks the help of a tree monster to cope with his single mother's terminal illness.,J.A. Bayona,"Lewis MacDougall, Sigourney Weaver, Felicity Jones,Toby Kebbell",2023,108,7.5,39134,3.73,76.0,True,False
74,Collateral Beauty,Drama,"Retreating from life after a tragedy, a man questions the universe by writing to Love, Time and Death. Receiving unexpected answers, he begins to see how these things interlock and how even loss can reveal moments of meaning and beauty.",David Frankel,"Will Smith, Edward Norton, Kate Winslet, Michael PeÃ±a",2023,97,6.8,43977,30.98,23.0,True,False
75,Zootopia,Animation,"In a city of anthropomorphic animals, a rookie bunny cop and a cynical con artist fox must work together to uncover a conspiracy.",Byron Howard,"Ginnifer Goodwin, Jason Bateman, Idris Elba, Jenny Slate",2023,108,8.1,296853,341.26,78.0,True,False
76,Pirates of the Caribbean: At World's End,Action,"Captain Barbossa, Will Turner and Elizabeth Swann must sail off the edge of the map, navigate treachery and betrayal, find Jack Sparrow, and make their final alliances for one last decisive battle.",Gore Verbinski,"Johnny Depp, Orlando Bloom, Keira Knightley,Geoffrey Rush",2020,169,7.1,498821,309.4,50.0,True,False
77,The Avengers,Action,Earth's mightiest heroes must come together and learn to fight as a team if they are to stop the mischievous Loki and his alien army from enslaving humanity.,Joss Whedon,"Robert Downey Jr., Chris Evans, Scarlett Johansson,Jeremy Renner",2022,143,8.1,1045588,623.28,69.0,True,False
78,Inglourious Basterds,Adventure,"In Nazi-occupied France during World War II, a plan to assassinate Nazi leaders by a group of Jewish U.S. soldiers coincides with a theatre owner's vengeful plans for the same.",Quentin Tarantino,"Brad Pitt, Diane Kruger, Eli Roth,MÃ©lanie Laurent",2021,153,8.3,959065,120.52,69.0,True,False
79,Pirates of the Caribbean: Dead Man's Chest,Action,"Jack Sparrow races to recover the heart of Davy Jones to avoid enslaving his soul to Jones' service, as other friends and foes seek the heart for their own agenda as well.",Gore Verbinski,"Johnny Depp, Orlando Bloom, Keira Knightley, Jack Davenport",2021,151,7.3,552027,423.03,53.0,True,False
80,Ghostbusters,Action,"Following a ghost invasion of Manhattan, paranormal enthusiasts Erin Gilbert and Abby Yates, nuclear engineer Jillian Holtzmann, and subway worker Patty Tolan band together to stop the otherworldly threat.",Paul Feig,"Melissa McCarthy, Kristen Wiig, Kate McKinnon, Leslie Jones",2023,116,5.3,147717,128.34,60.0,False,False
81,Inception,Action,"A thief, who steals corporate secrets through use of dream-sharing technology, is given the inverse task of planting an idea into the mind of a CEO.",Christopher Nolan,"Leonardo DiCaprio, Joseph Gordon-Levitt, Ellen Page, Ken Watanabe",2020,148,8.8,1583625,292.57,74.0,True,False
82,Captain Fantastic,Comedy,"In the forests of the Pacific Northwest, a father devoted to raising his six kids with a rigorous physical and intellectual education is forced to leave his paradise and enter the world, challenging his idea of what it means to be a parent.",Matt Ross,"Viggo Mortensen, George MacKay, Samantha Isler,Annalise Basso",2023,118,7.9,105081,5.88,72.0,True,False
83,The Wolf of Wall Street,Biography,"Based on the true story of Jordan Belfort, from his rise to a wealthy stock-broker living the high life to his fall involving crime, corruption and the federal government.",Martin Scorsese,"Leonardo DiCaprio, Jonah Hill, Margot Robbie,Matthew McConaughey",2024,180,8.2,865134,116.87,75.0,True,False
84,Gone Girl,Crime,"With his wife's disappearance having become the focus of an intense media circus, a man sees the spotlight turned on him when it's suspected that he may not be innocent.",David Fincher,"Ben Affleck, Rosamund Pike, Neil Patrick Harris,Tyler Perry",2024,149,8.1,636243,167.74,79.0,True,False
85,Furious Seven,Action,Deckard Shaw seeks revenge against Dominic Toretto and his family for his comatose brother.,James Wan,"Vin Diesel, Paul Walker, Dwayne Johnson, Jason Statham",2025,137,7.2,301249,350.03,67.0,True,False
86,Jurassic World,Action,"A new theme park, built on the original site of Jurassic Park, creates a genetically modified hybrid dinosaur, which escapes containment and goes on a killing spree.",Colin Trevorrow,"Chris Pratt, Bryce Dallas Howard, Ty Simpkins,Judy Greer",2025,124,7.0,455169,652.18,59.0,True,False
87,Live by Night,Crime,"A group of Boston-bred gangsters set up shop in balmy Florida during the Prohibition era, facing off against the competition and the Ku Klux Klan.",Ben Affleck,"Ben Affleck, Elle Fanning, Brendan Gleeson, Chris Messina",2023,129,6.4,27869,10.38,49.0,False,False
88,Avatar,Action,A paraplegic marine dispatched to the moon Pandora on a unique mission becomes torn between following his orders and protecting the world he feels is his home.,James Cameron,"Sam Worthington, Zoe Saldana, Sigourney Weaver, Michelle Rodriguez",2021,162,7.8,935408,760.51,83.0,True,False
89,The Hateful Eight,Crime,"In the dead of a Wyoming winter, a bounty hunter and his prisoner find shelter in a cabin currently inhabited by a collection of nefarious characters.",Quentin Tarantino,"Samuel L. Jackson, Kurt Russell, Jennifer Jason Leigh, Walton Goggins",2025,187,7.8,341170,54.12,68.0,True,False
90,The Accountant,Action,"As a math savant uncooks the books for a new client, the Treasury Department closes in on his activities and the body count starts to rise.",Gavin O'Connor,"Ben Affleck, Anna Kendrick, J.K. Simmons, Jon Bernthal",2023,128,7.4,162122,86.2,51.0,True,False
91,Prisoners,Crime,"When Keller Dover's daughter and her friend go missing, he takes matters into his own hands as the police pursue multiple leads and the pressure mounts.",Denis Villeneuve,"Hugh Jackman, Jake Gyllenhaal, Viola Davis,Melissa Leo",2024,153,8.1,431185,60.96,74.0,True,False
92,Warcraft,Action,"As an Orc horde invades the planet Azeroth using a magic portal, a few human heroes and dissenting Orcs must attempt to stop the true evil behind this war.",Duncan Jones,"Travis Fimmel, Paula Patton, Ben Foster, Dominic Cooper",2023,123,7.0,187547,47.17,32.0,True,False
93,The Help,Drama,"An aspiring author during the civil rights movement of the 1960s decides to write a book detailing the African American maids' point of view on the white families for which they work, and the hardships they go through on a daily basis.",Tate Taylor,"Emma Stone, Viola Davis, Octavia Spencer, Bryce Dallas Howard",2020,146,8.1,342429,169.71,62.0,True,False
94,War Dogs,Comedy,"Based on the true story of two young men, David Packouz and Efraim Diveroli, who won a $300 million contract from the Pentagon to arm America's allies in Afghanistan.",Todd Phillips,"Jonah Hill, Miles Teller, Steve Lantz, Gregg Weiner",2023,114,7.1,106463,43.02,57.0,True,False
95,Avengers: Age of Ultron,Action,"When Tony Stark and Bruce Banner try to jump-start a dormant peacekeeping program called Ultron, things go horribly wrong and it's up to Earth's mightiest heroes to stop the villainous Ultron from enacting his terrible plan.",Joss Whedon,"Robert Downey Jr., Chris Evans, Mark Ruffalo, Chris Hemsworth",2025,141,7.4,516895,458.99,66.0,True,False
96,The Nice Guys,Action,"In 1970s Los Angeles, a mismatched pair of private eyes investigate a missing girl and the mysterious death of a porn star.",Shane Black,"Russell Crowe, Ryan Gosling, Angourie Rice, Matt Bomer",2023,116,7.4,175067,36.25,70.0,True,False
97,Kimi no na wa,Animation,"Two strangers find themselves linked in a bizarre way. When a connection forms, will distance be the only thing to keep them apart?",Makoto Shinkai,"RyÃ»nosuke Kamiki, Mone Kamishiraishi, RyÃ´ Narita, Aoi Yuki",2023,106,8.6,34110,4.68,79.0,True,False
98,The Void,Horror,"Shortly after delivering a patient to an understaffed hospital, a police officer experiences strange and violent occurrences seemingly linked to a group of mysterious hooded figures.",Jeremy Gillespie,"Aaron Poole, Kenneth Welsh,Daniel Fathers, Kathleen Munroe",2023,90,5.8,9247,0.15,62.0,False,False
99,Personal Shopper,Drama,A personal shopper in Paris refuses to leave the city until she makes contact with her twin brother who previously died there. Her life becomes more complicated when a mysterious person contacts her via text message.,Olivier Assayas,"Kristen Stewart, Lars Eidinger, Sigrid Bouaziz,Anders Danielsen Lie",2023,105,6.3,10181,1.29,77.0,False,False
100,The Departed,Crime,An undercover cop and a mole in the police attempt to identify each other while infiltrating an Irish gang in South Boston.,Martin Scorsese,"Leonardo DiCaprio, Matt Damon, Jack Nicholson, Mark Wahlberg",2021,151,8.5,937414,132.37,85.0,True,False
101,Legend,Biography,Identical twin gangsters Ronald and Reginald Kray terrorize London during the 1960s.,Brian Helgeland,"Tom Hardy, Emily Browning, Taron Egerton, Paul Anderson",2025,132,7.0,108836,1.87,55.0,True,False
102,Thor,Action,"The powerful but arrogant god Thor is cast out of Asgard to live amongst humans in Midgard (Earth), where he soon becomes one of their finest defenders.",Kenneth Branagh,"Chris Hemsworth, Anthony Hopkins, Natalie Portman, Tom Hiddleston",2020,115,7.0,570814,181.02,57.0,True,False
103,The Martian,Adventure,"An astronaut becomes stranded on Mars after his team assume him dead, and must rely on his ingenuity to find a way to signal to Earth that he is alive.",Ridley Scott,"Matt Damon, Jessica Chastain, Kristen Wiig, Kate Mara",2025,144,8.0,556097,228.43,80.0,True,False
104,Contratiempo,Crime,A young businessman faces a lawyer trying to prove his innocence by the assassination of his lover.,Oriol Paulo,"Mario Casas, Ana Wagener, JosÃ© Coronado, BÃ¡rbara Lennie",2023,106,7.9,7204,,,True,False
105,The Man from U.N.C.L.E.,Action,"In the early 1960s, CIA agent Napoleon Solo and KGB operative Illya Kuryakin participate in a joint mission against a mysterious criminal organization, which is working to proliferate nuclear weapons.",Guy Ritchie,"Henry Cavill, Armie Hammer, Alicia Vikander, Elizabeth Debicki",2025,116,7.3,202973,45.43,56.0,True,False
106,Hell or High Water,Crime,A divorced father and his ex-con older brother resort to a desperate scheme in order to save their family's ranch in West Texas.,David Mackenzie,"Chris Pine, Ben Foster, Jeff Bridges, Gil Birmingham",2023,102,7.7,115546,26.86,88.0,True,False
107,The Comedian,Comedy,A look at the life of an aging insult comic named Jack Burke.,Taylor Hackford,"Robert De Niro, Leslie Mann, Danny DeVito, Edie Falco",2023,120,5.4,1954,1.66,40.0,False,False
108,The Legend of Tarzan,Action,"Tarzan, having acclimated to life in London, is called back to his former home in the jungle to investigate the activities at a mining encampment.",David Yates,"Alexander SkarsgÃ¥rd, Rory J. Saper, Christian Stevens, Christoph Waltz",2023,110,6.3,117590,126.59,44.0,False,False
109,All We Had,Drama,A mother struggles to make a better life for her daughter.,Katie Holmes,"Eve Lindley, Richard Kind, Mark Consuelos, Katherine Reis",2023,105,5.8,1004,,48.0,False,False
110,Ex Machina,Drama,A young programmer is selected to participate in a ground-breaking experiment in synthetic intelligence by evaluating the human qualities of a breath-taking humanoid A.I.,Alex Garland,"Alicia Vikander, Domhnall Gleeson, Oscar Isaac,Sonoya Mizuno",2024,108,7.7,339797,25.44,78.0,True,False
111,The Belko Experiment,Action,"In a twisted social experiment, 80 Americans are locked in their high-rise corporate office in BogotÃ¡, Colombia and ordered by an unknown voice coming from the company's intercom system to participate in a deadly game of kill or be killed.",Greg McLean,"John Gallagher Jr., Tony Goldwyn, Adria Arjona, John C. McGinley",2023,89,6.3,3712,10.16,44.0,False,False
112,12 Years a Slave,Biography,"In the antebellum United States, Solomon Northup, a free black man from upstate New York, is abducted and sold into slavery.",Steve McQueen,"Chiwetel Ejiofor, Michael Kenneth Williams, Michael Fassbender, Brad Pitt",2024,134,8.1,486338,56.67,96.0,True,False
113,The Bad Batch,Romance,A dystopian love story in a Texas wasteland and set in a community of cannibals.,Ana Lily Amirpour,"Keanu Reeves, Jason Momoa, Jim Carrey, Diego Luna",2023,118,6.1,512,,65.0,False,False
114,300,Action,King Leonidas of Sparta and a force of 300 men fight the Persians at Thermopylae in 480 B.C.,Zack Snyder,"Gerard Butler, Lena Headey, David Wenham, Dominic West",2021,117,7.7,637104,210.59,52.0,True,False
115,Harry Potter and the Deathly Hallows: Part 2,Adventure,"Harry, Ron and Hermione search for Voldemort's remaining Horcruxes in their effort to destroy the Dark Lord as the final battle rages on at Hogwarts.",David Yates,"Daniel Radcliffe, Emma Watson, Rupert Grint, Michael Gambon",2020,130,8.1,590595,380.96,87.0,True,False
116,Office Christmas Party,Comedy,"When his uptight CEO sister threatens to shut down his branch, the branch manager throws an epic Christmas party in order to land a big client and save the day, but the party gets way out of hand...",Josh Gordon,"Jason Bateman, Olivia Munn, T.J. Miller,Jennifer Aniston",2023,105,5.8,30761,54.73,42.0,False,False
117,The Neon Demon,Horror,"When aspiring model Jesse moves to Los Angeles, her youth and vitality are devoured by a group of beauty-obsessed women who will take any means necessary to get what she has.",Nicolas Winding Refn,"Elle Fanning, Christina Hendricks, Keanu Reeves, Karl Glusman",2023,118,6.2,50359,1.33,51.0,False,False
118,Dangal,Action,Former wrestler Mahavir Singh Phogat and his two wrestler daughters struggle towards glory at the Commonwealth Games in the face of societal oppression.,Nitesh Tiwari,"Aamir Khan, Sakshi Tanwar, Fatima Sana Shaikh,Sanya Malhotra",2023,161,8.8,48969,11.15,,True,False
119,10 Cloverfield Lane,Drama,"After getting in a car accident, a woman is held in a shelter with two men, who claim the outside world is affected by a widespread chemical attack.",Dan Trachtenberg,"John Goodman, Mary Elizabeth Winstead, John Gallagher Jr., Douglas M. Griffin",2023,104,7.2,192968,71.9,76.0,True,False
120,Finding Dory,Animation,"The friendly but forgetful blue tang fish, Dory, begins a search for her long-lost parents, and everyone learns a few things about the real meaning of family along the way.",Andrew Stanton,"Ellen DeGeneres, Albert Brooks,Ed O'Neill, Kaitlin Olson",2023,97,7.4,157026,486.29,77.0,True,False
121,Miss Peregrine's Home for Peculiar Children,Adventure,"When Jacob discovers clues to a mystery that stretches across time, he finds Miss Peregrine's Home for Peculiar Children. But the danger deepens after he gets to know the residents and learns about their special powers.",Tim Burton,"Eva Green, Asa Butterfield, Samuel L. Jackson, Judi Dench",2023,127,6.7,101058,87.24,57.0,True,False
122,Divergent,Adventure,"In a world divided by factions based on virtues, Tris learns she's Divergent and won't fit in. When she discovers a plot to destroy Divergents, Tris and the mysterious Four must find out what makes Divergents dangerous before it's too late.",Neil Burger,"Shailene Woodley, Theo James, Kate Winslet, Jai Courtney",2024,139,6.7,362093,150.83,48.0,True,False
123,Mike and Dave Need Wedding Dates,Adventure,"Two hard-partying brothers place an online ad to find the perfect dates for their sister's Hawaiian wedding. Hoping for a wild getaway, the boys instead find themselves out-hustled by an uncontrollable duo.",Jake Szymanski,"Zac Efron, Adam Devine, Anna Kendrick, Aubrey Plaza",2023,98,6.0,53183,46.01,51.0,False,False
124,Boyka: Undisputed IV,Action,"In the fourth installment of the fighting franchise, Boyka is shooting for the big leagues when an accidental death in the ring makes him question everything he stands for.",Todor Chapkanov,"Scott Adkins, Teodora Duhovnikova, Alon Aboutboul, Julian Vergov",2023,86,7.4,10428,,,True,False
125,The Dark Knight Rises,Action,"Eight years after the Joker's reign of anarchy, the Dark Knight, with the help of the enigmatic Selina, is forced from his imposed exile to save Gotham City, now on the edge of total annihilation, from the brutal guerrilla terrorist Bane.",Christopher Nolan,"Christian Bale, Tom Hardy, Anne Hathaway,Gary Oldman",2022,164,8.5,1222645,448.13,78.0,True,True
126,The Jungle Book,Adventure,"After a threat from the tiger Shere Khan forces him to flee the jungle, a man-cub named Mowgli embarks on a journey of self discovery with the help of panther, Bagheera, and free spirited bear, Baloo.",Jon Favreau,"Neel Sethi, Bill Murray, Ben Kingsley, Idris Elba",2023,106,7.5,198243,364.0,77.0,True,False
127,Transformers: Age of Extinction,Action,"Autobots must escape sight from a bounty hunter who has taken control of the human serendipity: Unexpectedly, Optimus Prime and his remaining gang turn to a mechanic, his daughter, and her back street racing boyfriend for help.",Michael Bay,"Mark Wahlberg, Nicola Peltz, Jack Reynor, Stanley Tucci",2024,165,5.7,255483,245.43,32.0,False,False
128,Nerve,Adventure,"A high school senior finds herself immersed in an online game of truth or dare, where her every move starts to become manipulated by an anonymous community of ""watchers.""",Henry Joost,"Emma Roberts, Dave Franco, Emily Meade, Miles Heizer",2023,96,6.6,69651,38.56,58.0,True,False
129,Mamma Mia!,Comedy,The story of a bride-to-be trying to find her real father told using hit songs by the popular '70s group ABBA.,Phyllida Lloyd,"Meryl Streep, Pierce Brosnan, Amanda Seyfried,Stellan SkarsgÃ¥rd",2021,108,6.4,153481,143.7,51.0,False,False
130,The Revenant,Adventure,A frontiersman on a fur trading expedition in the 1820s fights for survival after being mauled by a bear and left for dead by members of his own hunting team.,Alejandro GonzÃ¡lez IÃ±Ã¡rritu,"Leonardo DiCaprio, Tom Hardy, Will Poulter, Domhnall Gleeson",2025,156,8.0,499424,183.64,76.0,True,False
131,Fences,Drama,"A working-class African-American father tries to raise his family in the 1950s, while coming to terms with the events of his life.",Denzel Washington,"Denzel Washington, Viola Davis, Stephen Henderson, Jovan Adepo",2023,139,7.3,50953,57.64,79.0,True,False
132,Into the Woods,Adventure,A witch tasks a childless baker and his wife with procuring magical items from classic fairy tales to reverse the curse put on their family tree.,Rob Marshall,"Anna Kendrick, Meryl Streep, Chris Pine, Emily Blunt",2024,125,6.0,109756,128.0,69.0,False,False
133,The Shallows,Drama,"A mere 200 yards from shore, surfer Nancy is attacked by a great white shark, with her short journey to safety becoming the ultimate contest of wills.",Jaume Collet-Serra,"Blake Lively, Ãscar Jaenada, Angelo Josue Lozano Corzo, Brett Cullen",2023,86,6.4,78328,55.12,59.0,False,False
134,Whiplash,Drama,A promising young drummer enrolls at a cut-throat music conservatory where his dreams of greatness are mentored by an instructor who will stop at nothing to realize a student's potential.,Damien Chazelle,"Miles Teller, J.K. Simmons, Melissa Benoist, Paul Reiser",2024,107,8.5,477276,13.09,88.0,True,False
135,Furious 6,Action,"Hobbs has Dominic and Brian reassemble their crew to take down a team of mercenaries: Dominic unexpectedly gets convoluted also facing his presumed deceased girlfriend, Letty.",Justin Lin,"Vin Diesel, Paul Walker, Dwayne Johnson, Michelle Rodriguez",2024,130,7.1,318051,238.67,61.0,True,False
136,The Place Beyond the Pines,Crime,"A motorcycle stunt rider turns to robbing banks as a way to provide for his lover and their newborn child, a decision that puts him on a collision course with an ambitious rookie cop navigating a department ruled by a corrupt detective.",Derek Cianfrance,"Ryan Gosling, Bradley Cooper, Eva Mendes,Craig Van Hook",2022,140,7.3,200090,21.38,68.0,True,False
137,No Country for Old Men,Crime,Violence and mayhem ensue after a hunter stumbles upon a drug deal gone wrong and more than two million dollars in cash near the Rio Grande.,Ethan Coen,"Tommy Lee Jones, Javier Bardem, Josh Brolin, Woody Harrelson",2020,122,8.1,660286,74.27,91.0,True,False
138,The Great Gatsby,Drama,"A writer and wall street trader, Nick, finds himself drawn to the past and lifestyle of his millionaire neighbor, Jay Gatsby.",Baz Luhrmann,"Leonardo DiCaprio, Carey Mulligan, Joel Edgerton,Tobey Maguire",2024,143,7.3,386102,144.81,55.0,True,False
139,Shutter Island,Mystery,"In 1954, a U.S. marshal investigates the disappearance of a murderess who escaped from a hospital for the criminally insane.",Martin Scorsese,"Leonardo DiCaprio, Emily Mortimer, Mark Ruffalo,Ben Kingsley",2020,138,8.1,855604,127.97,63.0,True,False
140,Brimstone,Mystery,"From the moment the new reverend climbs the pulpit, Liz knows she and her family are in great danger.",Martin Koolhoven,"Dakota Fanning, Guy Pearce, Kit Harington,Carice van Houten",2023,148,7.1,13004,,44.0,True,False
141,Star Trek,Action,The brash James T. Kirk tries to live up to his father's legacy with Mr. Spock keeping him in check as a vengeful Romulan from the future creates black holes to destroy the Federation one planet at a time.,J.J. Abrams,"Chris Pine, Zachary Quinto, Simon Pegg, Leonard Nimoy",2021,127,8.0,526324,257.7,82.0,True,False
142,Diary of a Wimpy Kid,Comedy,"The adventures of a teenager who is fresh out of elementary and transitions to middle school, where he has to learn the consequences and responsibility to survive the year.",Thor Freudenthal,"Zachary Gordon, Robert Capron, Rachael Harris,Steve Zahn",2020,94,6.2,34184,64.0,56.0,False,False
143,The Big Short,Biography,"Four denizens in the world of high-finance predict the credit and housing bubble collapse of the mid-2000s, and decide to take on the big banks for their greed and lack of foresight.",Adam McKay,"Christian Bale, Steve Carell, Ryan Gosling, Brad Pitt",2025,130,7.8,246360,70.24,81.0,True,False
144,Room,Drama,A young boy is raised within the confines of a small shed.,Lenny Abrahamson,"Brie Larson, Jacob Tremblay, Sean Bridgers,Wendy Crewson",2025,118,8.2,224132,14.68,86.0,True,False
145,Django Unchained,Drama,"With the help of a German bounty hunter , a freed slave sets out to rescue his wife from a brutal Mississippi plantation owner.",Quentin Tarantino,"Jamie Foxx, Christoph Waltz, Leonardo DiCaprio,Kerry Washington",2022,165,8.4,1039115,162.8,81.0,True,True
146,Ah-ga-ssi,Drama,"A woman is hired as a handmaiden to a Japanese heiress, but secretly she is involved in a plot to defraud her.",Chan-wook Park,"Min-hee Kim, Jung-woo Ha, Jin-woong Jo, So-ri Moon",2023,144,8.1,33418,2.01,84.0,True,False
147,The Edge of Seventeen,Comedy,"High-school life gets even more unbearable for Nadine when her best friend, Krista, starts dating her older brother.",Kelly Fremon Craig,"Hailee Steinfeld, Haley Lu Richardson, Blake Jenner, Kyra Sedgwick",2023,104,7.4,47694,14.26,77.0,True,False
148,Watchmen,Action,"In 1985 where former superheroes exist, the murder of a colleague sends active vigilante Rorschach into his own sprawling investigation, uncovering something that could completely change the course of history as we know it.",Zack Snyder,"Jackie Earle Haley, Patrick Wilson, Carla Gugino,Malin Akerman",2021,162,7.6,410249,107.5,56.0,True,False
149,Superbad,Comedy,Two co-dependent high school seniors are forced to deal with separation anxiety after their plan to stage a booze-soaked party goes awry.,Greg Mottola,"Michael Cera, Jonah Hill, Christopher Mintz-Plasse, Bill Hader",2020,113,7.6,442082,121.46,76.0,True,False
150,Inferno,Action,"When Robert Langdon wakes up in an Italian hospital with amnesia, he teams up with Dr. Sienna Brooks, and together they must race across Europe against the clock to foil a deadly global plot.",Ron Howard,"Tom Hanks, Felicity Jones, Irrfan Khan, Ben Foster",2023,121,6.2,97623,34.26,42.0,False,False
151,The BFG,Adventure,"An orphan little girl befriends a benevolent giant who takes her to Giant Country, where they attempt to stop the man-eating giants that are invading the human world.",Steven Spielberg,"Mark Rylance, Ruby Barnhill, Penelope Wilton,Jemaine Clement",2023,117,6.4,50853,55.47,66.0,False,False
152,The Hunger Games,Adventure,Katniss Everdeen voluntarily takes her younger sister's place in the Hunger Games: a televised competition in which two teenagers from each of the twelve Districts of Panem are chosen at random to fight to the death.,Gary Ross,"Jennifer Lawrence, Josh Hutcherson, Liam Hemsworth,Stanley Tucci",2022,142,7.2,735604,408.0,68.0,True,False
153,White Girl,Drama,"Summer, New York City. A college girl falls hard for a guy she just met. After a night of partying goes wrong, she goes to wild extremes to get him back.",Elizabeth Wood,"Morgan Saylor, Brian Marc, Justin Bartha, Adrian Martinez",2023,88,5.8,4299,0.2,65.0,False,False
154,Sicario,Action,An idealistic FBI agent is enlisted by a government task force to aid in the escalating war against drugs at the border area between the U.S. and Mexico.,Denis Villeneuve,"Emily Blunt, Josh Brolin, Benicio Del Toro, Jon Bernthal",2025,121,7.6,243230,46.88,82.0,True,False
155,Twin Peaks: The Missing Pieces,Drama,Twin Peaks before Twin Peaks (1990) and at the same time not always and entirely in the same place as Twin Peaks: Fire Walk with Me (1992). A feature film which presents deleted scenes from Twin Peaks: Fire Walk with Me (1992) assembled together for the first time in an untold portion of the story's prequel.,David Lynch,"Chris Isaak, Kiefer Sutherland, C.H. Evans, Sandra Kinder",2024,91,8.1,1973,,,True,False
156,Aliens vs Predator - Requiem,Action,"Warring alien and predator races descend on a rural US town, where unsuspecting residents must band together for any chance of survival.",Colin Strause,"Reiko Aylesworth, Steven Pasquale,Shareeka Epps, John Ortiz",2020,94,4.7,97618,41.8,29.0,False,False
157,Pacific Rim,Action,"As a war between humankind and monstrous sea creatures wages on, a former pilot and a trainee are paired up to drive a seemingly obsolete special weapon in a desperate effort to save the world from the apocalypse.",Guillermo del Toro,"Idris Elba, Charlie Hunnam, Rinko Kikuchi,Charlie Day",2024,131,7.0,400519,101.79,64.0,True,False
158,"Crazy, Stupid, Love.",Comedy,"A middle-aged husband's life changes dramatically when his wife asks him for a divorce. He seeks to rediscover his manhood with the help of a newfound friend, Jacob, learning to pick up girls at bars.",Glenn Ficarra,"Steve Carell, Ryan Gosling, Julianne Moore, Emma Stone",2020,118,7.4,396714,84.24,68.0,True,False
159,Scott Pilgrim vs. the World,Action,Scott Pilgrim must defeat his new girlfriend's seven evil exes in order to win her heart.,Edgar Wright,"Michael Cera, Mary Elizabeth Winstead, Kieran Culkin, Alison Pill",2020,112,7.5,291457,31.49,69.0,True,False
160,Hot Fuzz,Action,"Exceptional London cop Nicholas Angel is involuntarily transferred to a quaint English village and paired with a witless new partner. While on the beat, Nicholas suspects a sinister conspiracy is afoot with the residents.",Edgar Wright,"Simon Pegg, Nick Frost, Martin Freeman, Bill Nighy",2020,121,7.9,373244,23.62,81.0,True,False
161,Mine,Thriller,"After a failed assassination attempt, a soldier finds himself stranded in the desert. Exposed to the elements, he must survive the dangers of the desert and battle the psychological and physical tolls of the treacherous conditions.",Fabio Guaglione,"Armie Hammer, Annabelle Wallis,Tom Cullen, Clint Dyer",2023,106,6.0,5926,,40.0,False,False
162,Free Fire,Action,"Set in Boston in 1978, a meeting in a deserted warehouse between two gangs turns into a shootout and a game of survival.",Ben Wheatley,"Sharlto Copley, Brie Larson, Armie Hammer, Cillian Murphy",2023,90,7.0,6946,1.8,63.0,True,False
163,X-Men: Days of Future Past,Action,The X-Men send Wolverine to the past in a desperate effort to change history and prevent an event that results in doom for both humans and mutants.,Bryan Singer,"Patrick Stewart, Ian McKellen, Hugh Jackman, James McAvoy",2024,132,8.0,552298,233.91,74.0,True,False
164,Jack Reacher: Never Go Back,Action,"Jack Reacher must uncover the truth behind a major government conspiracy in order to clear his name. On the run as a fugitive from the law, Reacher uncovers a potential secret from his past that could change his life forever.",Edward Zwick,"Tom Cruise, Cobie Smulders, Aldis Hodge, Robert Knepper",2023,118,6.1,78043,58.4,47.0,False,False
165,Casino Royale,Action,"Armed with a licence to kill, Secret Agent James Bond sets out on his first mission as 007 and must defeat a weapons dealer in a high stakes game of poker at Casino Royale, but things are not what they seem.",Martin Campbell,"Daniel Craig, Eva Green, Judi Dench, Jeffrey Wright",2021,144,8.0,495106,167.01,80.0,True,False
166,Twilight,Drama,A teenage girl risks everything when she falls in love with a vampire.,Catherine Hardwicke,"Kristen Stewart, Robert Pattinson, Billy Burke,Sarah Clarke",2021,122,5.2,361449,191.45,56.0,False,False
167,Now You See Me 2,Action,The Four Horsemen resurface and are forcibly recruited by a tech genius to pull off their most impossible heist yet.,Jon M. Chu,"Jesse Eisenberg, Mark Ruffalo, Woody Harrelson, Dave Franco",2023,129,6.5,156567,65.03,46.0,True,False
168,Woman in Gold,Biography,"Maria Altmann, an octogenarian Jewish refugee, takes on the Austrian government to recover artwork she believes rightfully belongs to her family.",Simon Curtis,"Helen Mirren, Ryan Reynolds, Daniel BrÃ¼hl, Katie Holmes",2025,109,7.3,39723,33.31,51.0,True,False
169,13 Hours,Action,"During an attack on a U.S. compound in Libya, a security team struggles to make sense out of the chaos.",Michael Bay,"John Krasinski, Pablo Schreiber, James Badge Dale,David Denman",2023,144,7.3,76935,52.82,48.0,True,False
170,Spectre,Action,"A cryptic message from Bond's past sends him on a trail to uncover a sinister organization. While M battles political forces to keep the secret service alive, Bond peels back the layers of deceit to reveal the terrible truth behind SPECTRE.",Sam Mendes,"Daniel Craig, Christoph Waltz, LÃ©a Seydoux, Ralph Fiennes",2025,148,6.8,308981,200.07,60.0,True,False
171,Nightcrawler,Crime,"When Louis Bloom, a con man desperate for work, muscles into the world of L.A. crime journalism, he blurs the line between observer and participant to become the star of his own story.",Dan Gilroy,"Jake Gyllenhaal, Rene Russo, Bill Paxton, Riz Ahmed",2024,118,7.9,332476,32.28,76.0,True,False
172,Kubo and the Two Strings,Animation,A young boy named Kubo must locate a magical suit of armour worn by his late father in order to defeat a vengeful spirit from the past.,Travis Knight,"Charlize Theron, Art Parkinson, Matthew McConaughey, Ralph Fiennes",2023,101,7.9,72778,48.02,84.0,True,False
173,Beyond the Gates,Adventure,Two estranged brothers reunite at their missing father's video store and find a VCR board game dubbed 'Beyond The Gates' that holds a connection to their father's disappearance.,Jackson Stewart,"Graham Skipper, Chase Williamson, Brea Grant,Barbara Crampton",2023,84,5.2,2127,,59.0,False,False
174,Her,Drama,A lonely writer develops an unlikely relationship with an operating system designed to meet his every need.,Spike Jonze,"Joaquin Phoenix, Amy Adams, Scarlett Johansson,Rooney Mara",2024,126,8.0,390531,25.56,90.0,True,False
175,Frozen,Animation,"When the newly crowned Queen Elsa accidentally uses her power to turn things into ice to curse her home in infinite winter, her sister, Anna, teams up with a mountain man, his playful reindeer, and a snowman to change the weather condition.",Chris Buck,"Kristen Bell, Idina Menzel, Jonathan Groff, Josh Gad",2024,102,7.5,451894,400.74,74.0,True,False
176,Tomorrowland,Action,"Bound by a shared destiny, a teen bursting with scientific curiosity and a former boy-genius inventor embark on a mission to unearth the secrets of a place somewhere in time and space that exists in their collective memory.",Brad Bird,"George Clooney, Britt Robertson, Hugh Laurie, Raffey Cassidy",2025,130,6.5,143069,93.42,60.0,True,False
177,Dawn of the Planet of the Apes,Action,A growing nation of genetically evolved apes led by Caesar is threatened by a band of human survivors of the devastating virus unleashed a decade earlier.,Matt Reeves,"Gary Oldman, Keri Russell, Andy Serkis, Kodi Smit-McPhee",2024,130,7.6,337777,208.54,79.0,True,False
178,Tropic Thunder,Action,"Through a series of freak occurrences, a group of actors shooting a big-budget war movie are forced to become the soldiers they are portraying.",Ben Stiller,"Ben Stiller, Jack Black, Robert Downey Jr., Jeff Kahn",2021,107,7.0,321442,110.42,71.0,True,False
179,The Conjuring 2,Horror,Lorraine and Ed Warren travel to north London to help a single mother raising four children alone in a house plagued by a malicious spirit.,James Wan,"Vera Farmiga, Patrick Wilson, Madison Wolfe, Frances O'Connor",2023,134,7.4,137203,102.46,65.0,True,False
180,Ant-Man,Action,"Armed with a super-suit with the astonishing ability to shrink in scale but increase in strength, cat burglar Scott Lang must embrace his inner hero and help his mentor, Dr. Hank Pym, plan and pull off a heist that will save the world.",Peyton Reed,"Paul Rudd, Michael Douglas, Corey Stoll, Evangeline Lilly",2025,117,7.3,368912,180.19,64.0,True,False
181,Bridget Jones's Baby,Comedy,"Bridget's focus on single life and her career is interrupted when she finds herself pregnant, but with one hitch ... she can only be fifty percent sure of the identity of her baby's father.",Sharon Maguire,"RenÃ©e Zellweger, Gemma Jones, Jim Broadbent,Sally Phillips",2023,118,6.7,43086,24.09,59.0,True,False
182,The VVitch: A New-England Folktale,Horror,"A family in 1630s New England is torn apart by the forces of witchcraft, black magic and possession.",Robert Eggers,"Anya Taylor-Joy, Ralph Ineson, Kate Dickie, Julian Richings",2025,92,6.8,101781,25.14,83.0,True,False
183,Cinderella,Drama,"When her father unexpectedly passes away, young Ella finds herself at the mercy of her cruel stepmother and her scheming step-sisters. Never one to give up hope, Ella's fortunes begin to change after meeting a dashing stranger.",Kenneth Branagh,"Lily James, Cate Blanchett, Richard Madden,Helena Bonham Carter",2025,105,7.0,117018,201.15,67.0,True,False
184,Realive,Sci-Fi,"Marc (Tom Hughes) is diagnosed with a disease and is given one year left to live. Unable to accept his own end, he decides to freeze his body. Sixty years later, in the year 2084, he ... See full summary Â»",Mateo Gil,"Tom Hughes, Charlotte Le Bon, Oona Chaplin, Barry Ward",2023,112,5.9,1176,,,False,False
185,Forushande,Drama,"While both participating in a production of ""Death of a Salesman,"" a teacher's wife is assaulted in her new home, which leaves him determined to find the perpetrator over his wife's traumatized objections.",Asghar Farhadi,"Taraneh Alidoosti, Shahab Hosseini, Babak Karimi,Farid Sajjadi Hosseini",2023,124,8.0,22389,3.4,85.0,True,False
186,Love,Drama,"Murphy is an American living in Paris who enters a highly sexually and emotionally charged relationship with the unstable Electra. Unaware of the effect it will have on their relationship, they invite their pretty neighbor into their bed.",Gaspar NoÃ©,"Aomi Muyock, Karl Glusman, Klara Kristin, Juan Saavedra",2025,135,6.0,24003,,51.0,False,False
187,Billy Lynn's Long Halftime Walk,Drama,19-year-old Billy Lynn is brought home for a victory tour after a harrowing Iraq battle. Through flashbacks the film shows what really happened to his squad - contrasting the realities of war with America's perceptions.,Ang Lee,"Joe Alwyn, Garrett Hedlund, Arturo Castro, Mason Lee",2023,113,6.3,11944,1.72,53.0,False,False
188,Crimson Peak,Drama,"In the aftermath of a family tragedy, an aspiring author is torn between love for her childhood friend and the temptation of a mysterious outsider. Trying to escape the ghosts of her past, she is swept away to a house that breathes, bleeds - and remembers.",Guillermo del Toro,"Mia Wasikowska, Jessica Chastain, Tom Hiddleston, Charlie Hunnam",2025,119,6.6,97454,31.06,66.0,True,False
189,Drive,Crime,A mysterious Hollywood stuntman and mechanic moonlights as a getaway driver and finds himself in trouble when he helps out his neighbor.,Nicolas Winding Refn,"Ryan Gosling, Carey Mulligan, Bryan Cranston, Albert Brooks",2020,100,7.8,461509,35.05,78.0,True,False
190,Trainwreck,Comedy,"Having thought that monogamy was never possible, a commitment-phobic career woman may have to face her fears when she meets a good guy.",Judd Apatow,"Amy Schumer, Bill Hader, Brie Larson, Colin Quinn",2025,125,6.3,106364,110.01,75.0,False,False
191,The Light Between Oceans,Drama,A lighthouse keeper and his wife living off the coast of Western Australia raise a baby they rescue from a drifting rowing boat.,Derek Cianfrance,"Michael Fassbender, Alicia Vikander, Rachel Weisz, Florence Clery",2023,133,7.2,27382,12.53,60.0,True,False
192,Below Her Mouth,Drama,An unexpected affair quickly escalates into a heart-stopping reality for two women whose passionate connection changes their lives forever.,April Mullen,"Erika Linder, Natalie Krill, Sebastian Pigott, Mayko Nguyen",2023,94,5.6,1445,,42.0,False,False
193,Spotlight,Crime,"The true story of how the Boston Globe uncovered the massive scandal of child molestation and cover-up within the local Catholic Archdiocese, shaking the entire Catholic Church to its core.",Tom McCarthy,"Mark Ruffalo, Michael Keaton, Rachel McAdams, Liev Schreiber",2025,128,8.1,268282,44.99,93.0,True,False
194,Morgan,Horror,A corporate risk-management consultant must decide whether or not to terminate an artificially created humanoid being.,Luke Scott,"Kate Mara, Anya Taylor-Joy, Rose Leslie, Michael Yare",2023,92,5.8,22107,3.91,48.0,False,False
195,Warrior,Action,"The youngest son of an alcoholic former boxer returns home, where he's trained by his father for competition in a mixed martial arts tournament - a path that puts the fighter on a collision course with his estranged, older brother.",Gavin O'Connor,"Tom Hardy, Nick Nolte, Joel Edgerton, Jennifer Morrison",2020,140,8.2,355722,13.65,71.0,True,False
196,Captain America: The First Avenger,Action,"Steve Rogers, a rejected military soldier transforms into Captain America after taking a dose of a ""Super-Soldier serum"". But being Captain America comes at a price as he attempts to take down a war monger and a terrorist organization.",Joe Johnston,"Chris Evans, Hugo Weaving, Samuel L. Jackson,Hayley Atwell",2020,124,6.9,547368,176.64,66.0,True,False
197,Hacker,Crime,With the help of his new friends Alex Danyliuk turns to a life of crime and identity theft.,Akan Satayev,"Callan McAuliffe, Lorraine Nicholson, Daniel Eric Gold, Clifton Collins Jr.",2023,95,6.3,3799,,,False,False
198,Into the Wild,Adventure,"After graduating from Emory University, top student and athlete Christopher McCandless abandons his possessions, gives his entire $24,000 savings account to charity and hitchhikes to Alaska to live in the wilderness. Along the way, Christopher encounters a series of characters that shape his life.",Sean Penn,"Emile Hirsch, Vince Vaughn, Catherine Keener, Marcia Gay Harden",2020,148,8.1,459304,18.35,73.0,True,False
199,The Imitation Game,Biography,"During World War II, mathematician Alan Turing tries to crack the enigma code with help from fellow mathematicians.",Morten Tyldum,"Benedict Cumberbatch, Keira Knightley, Matthew Goode, Allen Leech",2024,114,8.1,532353,91.12,73.0,True,False
200,Central Intelligence,Action,"After he reconnects with an awkward pal from high school through Facebook, a mild-mannered accountant is lured into the world of international espionage.",Rawson Marshall Thurber,"Dwayne Johnson, Kevin Hart, Danielle Nicolet, Amy Ryan",2023,107,6.3,97082,127.38,52.0,False,False
201,Edge of Tomorrow,Action,"A soldier fighting aliens gets to relive the same day over and over again, the day restarting every time he dies.",Doug Liman,"Tom Cruise, Emily Blunt, Bill Paxton, Brendan Gleeson",2024,113,7.9,471815,100.19,71.0,True,False
202,A Cure for Wellness,Drama,"An ambitious young executive is sent to retrieve his company's CEO from an idyllic but mysterious ""wellness center"" at a remote location in the Swiss Alps, but soon suspects that the spa's treatments are not what they seem.",Gore Verbinski,"Dane DeHaan, Jason Isaacs, Mia Goth, Ivo Nandi",2023,146,6.5,12193,8.1,47.0,True,False
203,Snowden,Biography,"The NSA's illegal surveillance techniques are leaked to the public by one of the agency's employees, Edward Snowden, in the form of thousands of classified documents distributed to the press.",Oliver Stone,"Joseph Gordon-Levitt, Shailene Woodley, Melissa Leo,Zachary Quinto",2023,134,7.3,79855,21.48,58.0,True,False
204,Iron Man,Action,"After being held captive in an Afghan cave, billionaire engineer Tony Stark creates a unique weaponized suit of armor to fight evil.",Jon Favreau,"Robert Downey Jr., Gwyneth Paltrow, Terrence Howard, Jeff Bridges",2021,126,7.9,737719,318.3,79.0,True,False
205,Allegiant,Action,"After the earth-shattering revelations of Insurgent, Tris must escape with Four beyond the wall that encircles Chicago, to finally discover the shocking truth of the world around them.",Robert Schwentke,"Shailene Woodley, Theo James, Jeff Daniels,Naomi Watts",2023,120,5.7,70504,66.0,33.0,False,False
206,X: First Class,Action,"In 1962, the United States government enlists the help of Mutants with superhuman abilities to stop a malicious dictator who is determined to start World War III.",Matthew Vaughn,"James McAvoy, Michael Fassbender, Jennifer Lawrence, Kevin Bacon",2020,132,7.8,550011,146.41,65.0,True,False
207,Raw (II),Drama,"When a young vegetarian undergoes a carnivorous hazing ritual at vet school, an unbidden taste for meat begins to grow in her.",Julia Ducournau,"Garance Marillier, Ella Rumpf, Rabah Nait Oufella,Laurent Lucas",2023,99,7.5,5435,0.51,81.0,True,False
208,Paterson,Comedy,"A quiet observation of the triumphs and defeats of daily life, along with the poetry evident in its smallest details.",Jim Jarmusch,"Adam Driver, Golshifteh Farahani, Nellie, Rizwan Manji",2023,118,7.5,26089,2.14,90.0,True,False
209,Bridesmaids,Comedy,"Competition between the maid of honor and a bridesmaid, over who is the bride's best friend, threatens to upend the life of an out-of-work pastry chef.",Paul Feig,"Kristen Wiig, Maya Rudolph, Rose Byrne, Terry Crews",2020,125,6.8,227912,169.08,75.0,True,False
210,The Girl with All the Gifts,Drama,A scientist and a teacher living in a dystopian future embark on a journey of survival with a special young girl named Melanie.,Colm McCarthy,"Gemma Arterton, Glenn Close, Dominique Tipper,Paddy Considine",2023,111,6.7,23713,,67.0,True,False
211,San Andreas,Action,"In the aftermath of a massive earthquake in California, a rescue-chopper pilot makes a dangerous journey with his ex-wife across the state in order to rescue his daughter.",Brad Peyton,"Dwayne Johnson, Carla Gugino, Alexandra Daddario,Colton Haynes",2025,114,6.1,161396,155.18,43.0,False,False
212,Spring Breakers,Drama,"Four college girls hold up a restaurant in order to fund their spring break vacation. While partying, drinking, and taking drugs, they are arrested, only to be bailed out by a drug and arms dealer.",Harmony Korine,"Vanessa Hudgens, Selena Gomez, Ashley Benson,Rachel Korine",2022,94,5.3,114290,14.12,63.0,False,False
213,Transformers,Action,"An ancient struggle between two Cybertronian races, the heroic Autobots and the evil Decepticons, comes to Earth, with a clue to the ultimate power held by a teenager.",Michael Bay,"Shia LaBeouf, Megan Fox, Josh Duhamel, Tyrese Gibson",2020,144,7.1,531112,318.76,61.0,True,False
214,Old Boy,Action,"Obsessed with vengeance, a man sets out to find out why he was kidnapped and locked into solitary confinement for twenty years without reason.",Spike Lee,"Josh Brolin, Elizabeth Olsen, Samuel L. Jackson, Sharlto Copley",2024,104,5.8,54679,,49.0,False,False
215,Thor: The Dark World,Action,"When Dr. Jane Foster gets cursed with a powerful entity known as the Aether, Thor is heralded of the cosmic event known as the Convergence and the genocidal Dark Elves.",Alan Taylor,"Chris Hemsworth, Natalie Portman, Tom Hiddleston,Stellan SkarsgÃ¥rd",2024,112,7.0,443584,206.36,54.0,True,False
216,Gods of Egypt,Action,"Mortal hero Bek teams with the god Horus in an alliance against Set, the merciless god of darkness, who has usurped Egypt's throne, plunging the once peaceful and prosperous empire into chaos and conflict.",Alex Proyas,"Brenton Thwaites, Nikolaj Coster-Waldau, Gerard Butler, Chadwick Boseman",2023,126,5.5,73568,31.14,25.0,False,False
217,Captain America: The Winter Soldier,Action,"As Steve Rogers struggles to embrace his role in the modern world, he teams up with a fellow Avenger and S.H.I.E.L.D agent, Black Widow, to battle a new threat from history: an assassin known as the Winter Soldier.",Anthony Russo,"Chris Evans, Samuel L. Jackson,Scarlett Johansson, Robert Redford",2024,136,7.8,542362,259.75,70.0,True,False
218,Monster Trucks,Action,A young man working at a small town junkyard discovers and befriends a creature which feeds on oil being sought by a fracking company.,Chris Wedge,"Lucas Till, Jane Levy, Thomas Lennon, Barry Pepper",2023,104,5.7,7044,33.04,41.0,False,False
219,A Dark Song,Drama,A determined young woman and a damaged occultist risk their lives and souls to perform a dangerous ritual that will grant them what they want.,Liam Gavin,"Mark Huberman, Susan Loughnane, Steve Oram,Catherine Walker",2023,100,6.1,1703,,67.0,False,False
220,Kick-Ass,Action,"Dave Lizewski is an unnoticed high school student and comic book fan who one day decides to become a superhero, even though he has no powers, training or meaningful reason to do so.",Matthew Vaughn,"Aaron Taylor-Johnson, Nicolas Cage, ChloÃ« Grace Moretz, Garrett M. Brown",2020,117,7.7,456749,48.04,66.0,True,False
221,Hardcore Henry,Action,"Henry is resurrected from death with no memory, and he must save his wife from a telekinetic warlord with a plan to bio-engineer soldiers.",Ilya Naishuller,"Sharlto Copley, Tim Roth, Haley Bennett, Danila Kozlovsky",2025,96,6.7,61098,9.24,51.0,True,False
222,Cars,Animation,"A hot-shot race-car named Lightning McQueen gets waylaid in Radiator Springs, where he finds the true meaning of friendship and family.",John Lasseter,"Owen Wilson, Bonnie Hunt, Paul Newman, Larry the Cable Guy",2021,117,7.1,283445,244.05,73.0,True,False
223,It Follows,Horror,A young woman is followed by an unknown supernatural force after a sexual encounter.,David Robert Mitchell,"Maika Monroe, Keir Gilchrist, Olivia Luccardi,Lili Sepe",2024,100,6.9,136399,14.67,83.0,True,False
224,The Girl with the Dragon Tattoo,Crime,"Journalist Mikael Blomkvist is aided in his search for a woman who has been missing for forty years by Lisbeth Salander, a young computer hacker.",David Fincher,"Daniel Craig, Rooney Mara, Christopher Plummer,Stellan SkarsgÃ¥rd",2020,158,7.8,348551,102.52,71.0,True,False
225,We're the Millers,Comedy,A veteran pot dealer creates a fake family as part of his plan to move a huge shipment of weed into the U.S. from Mexico.,Rawson Marshall Thurber,"Jason Sudeikis, Jennifer Aniston, Emma Roberts, Ed Helms",2024,110,7.0,334867,150.37,44.0,True,False
226,American Honey,Drama,"A teenage girl with nothing to lose joins a traveling magazine sales crew, and gets caught up in a whirlwind of hard partying, law bending and young love as she criss-crosses the Midwest with a band of misfits.",Andrea Arnold,"Sasha Lane, Shia LaBeouf, Riley Keough, McCaul Lombardi",2023,163,7.0,19660,0.66,79.0,True,False
227,The Lobster,Comedy,"In a dystopian near future, single people, according to the laws of The City, are taken to The Hotel, where they are obliged to find a romantic partner in forty-five days or are transformed into beasts and sent off into The Woods.",Yorgos Lanthimos,"Colin Farrell, Rachel Weisz, Jessica Barden,Olivia Colman",2025,119,7.1,121313,8.7,82.0,True,False
228,Predators,Action,A group of elite warriors parachute into an unfamiliar jungle and are hunted by members of a merciless alien race.,NimrÃ³d Antal,"Adrien Brody, Laurence Fishburne, Topher Grace,Alice Braga",2020,107,6.4,179450,52.0,51.0,False,False
229,Maleficent,Action,"A vengeful fairy is driven to curse an infant princess, only to discover that the child may be the one person who can restore peace to their troubled land.",Robert Stromberg,"Angelina Jolie, Elle Fanning, Sharlto Copley,Lesley Manville",2024,97,7.0,268877,241.41,56.0,True,False
230,Rupture,Horror,A single mom tries to break free from a mysterious organization that has abducted her.,Steven Shainberg,"Noomi Rapace, Michael Chiklis, Kerry BishÃ©,Peter Stormare",2023,102,4.8,2382,,35.0,False,False
231,Pan's Labyrinth,Drama,"In the falangist Spain of 1944, the bookish young stepdaughter of a sadistic army officer escapes into an eerie but captivating fantasy world.",Guillermo del Toro,"Ivana Baquero, Ariadna Gil, Sergi LÃ³pez,Maribel VerdÃº",2021,118,8.2,498879,37.62,98.0,True,False
232,A Kind of Murder,Crime,"In 1960s New York, Walter Stackhouse is a successful architect married to the beautiful Clara who leads a seemingly perfect life. But his fascination with an unsolved murder leads him into a spiral of chaos as he is forced to play cat-and-mouse with a clever killer and an overambitious detective, while at the same time lusting after another woman.",Andy Goddard,"Patrick Wilson, Jessica Biel, Haley Bennett, Vincent Kartheiser",2023,95,5.2,3305,0.0,50.0,False,False
233,Apocalypto,Action,"As the Mayan kingdom faces its decline, the rulers insist the key to prosperity is to build more temples and offer human sacrifices. Jaguar Paw, a young man captured for sacrifice, flees to avoid his fate.",Mel Gibson,"Gerardo Taracena, Raoul Max Trujillo, Dalia HernÃ¡ndez,Rudy Youngblood",2021,139,7.8,247926,50.86,68.0,True,False
234,Mission: Impossible - Rogue Nation,Action,"Ethan and team take on their most impossible mission yet, eradicating the Syndicate - an International rogue organization as highly skilled as they are, committed to destroying the IMF.",Christopher McQuarrie,"Tom Cruise, Rebecca Ferguson, Jeremy Renner, Simon Pegg",2025,131,7.4,257472,195.0,75.0,True,False
235,The Huntsman: Winter's War,Action,"Eric and fellow warrior Sara, raised as members of ice Queen Freya's army, try to conceal their forbidden love as they fight to survive the wicked intentions of both Freya and her sister Ravenna.",Cedric Nicolas-Troyan,"Chris Hemsworth, Jessica Chastain, Charlize Theron, Emily Blunt",2023,114,6.1,66766,47.95,35.0,False,False
236,The Perks of Being a Wallflower,Drama,An introvert freshman is taken under the wings of two seniors who welcome him to the real world.,Stephen Chbosky,"Logan Lerman, Emma Watson, Ezra Miller, Paul Rudd",2022,102,8.0,377336,17.74,67.0,True,False
237,Jackie,Biography,"Following the assassination of President John F. Kennedy, First Lady Jacqueline Kennedy fights through grief and trauma to regain her faith, console her children, and define her husband's historic legacy.",Pablo LarraÃ­n,"Natalie Portman, Peter Sarsgaard, Greta Gerwig,Billy Crudup",2023,100,6.8,41446,13.96,81.0,True,False
238,The Disappointments Room,Drama,A mother and her young son release unimaginable horrors from the attic of their rural dream home.,D.J. Caruso,"Kate Beckinsale, Mel Raido, Duncan Joiner, Lucas Till",2023,85,3.9,4895,2.41,31.0,False,False
239,The Grand Budapest Hotel,Adventure,"The adventures of Gustave H, a legendary concierge at a famous hotel from the fictional Republic of Zubrowka between the first and second World Wars, and Zero Moustafa, the lobby boy who becomes his most trusted friend.",Wes Anderson,"Ralph Fiennes, F. Murray Abraham, Mathieu Amalric,Adrien Brody",2024,99,8.1,530881,59.07,88.0,True,False
240,The Host,Action,"When an unseen enemy threatens mankind by taking over their bodies and erasing their memories, Melanie will risk everything to protect the people she cares most about, proving that love can conquer all in a dangerous new world.",Andrew Niccol,"Saoirse Ronan, Max Irons, Jake Abel, Diane Kruger",2024,125,5.9,96852,26.62,35.0,False,False
241,Fury,Action,"A grizzled tank commander makes tough decisions as he and his crew fight their way across Germany in April, 1945.",David Ayer,"Brad Pitt, Shia LaBeouf, Logan Lerman, Michael PeÃ±a",2024,134,7.6,332234,85.71,64.0,True,False
242,Inside Out,Animation,"After young Riley is uprooted from her Midwest life and moved to San Francisco, her emotions - Joy, Fear, Anger, Disgust and Sadness - conflict on how best to navigate a new city, house, and school.",Pete Docter,"Amy Poehler, Bill Hader, Lewis Black, Mindy Kaling",2025,95,8.2,416689,356.45,94.0,True,False
243,Rock Dog,Animation,"When a radio falls from the sky into the hands of a wide-eyed Tibetan Mastiff, he leaves home to fulfill his dream of becoming a musician, setting into motion a series of completely unexpected events.",Ash Brannon,"Luke Wilson, Eddie Izzard, J.K. Simmons, Lewis Black",2023,90,5.8,1109,9.4,48.0,False,False
244,Terminator Genisys,Action,"When John Connor, leader of the human resistance, sends Sgt. Kyle Reese back to 1984 to protect Sarah Connor and safeguard the future, an unexpected turn of events creates a fractured timeline.",Alan Taylor,"Arnold Schwarzenegger, Jason Clarke, Emilia Clarke,Jai Courtney",2025,126,6.5,205365,89.73,38.0,True,False
245,Percy Jackson & the Olympians: The Lightning Thief,Adventure,A teenager discovers he's the descendant of a Greek god and sets out on an adventure to settle an on-going battle between the gods.,Chris Columbus,"Logan Lerman, Kevin McKidd, Steve Coogan,Brandon T. Jackson",2020,118,5.9,148949,88.76,47.0,False,False
246,Les MisÃ©rables,Drama,"In 19th-century France, Jean Valjean, who for decades has been hunted by the ruthless policeman Javert after breaking parole, agrees to care for a factory worker's daughter. The decision changes their lives forever.",Tom Hooper,"Hugh Jackman, Russell Crowe, Anne Hathaway,Amanda Seyfried",2022,158,7.6,257426,148.78,63.0,True,False
247,Children of Men,Drama,"In 2027, in a chaotic world in which women have become somehow infertile, a former activist agrees to help transport a miraculously pregnant woman to a sanctuary at sea.",Alfonso CuarÃ³n,"Julianne Moore, Clive Owen, Chiwetel Ejiofor,Michael Caine",2021,109,7.9,382910,35.29,84.0,True,False
248,20th Century Women,Comedy,"The story of a teenage boy, his mother, and two other women who help raise him among the love and freedom of Southern California of 1979.",Mike Mills,"Annette Bening, Elle Fanning, Greta Gerwig, Billy Crudup",2023,119,7.4,14708,5.66,83.0,True,False
249,Spy,Action,"A desk-bound CIA analyst volunteers to go undercover to infiltrate the world of a deadly arms dealer, and prevent diabolical global disaster.",Paul Feig,"Melissa McCarthy, Rose Byrne, Jude Law, Jason Statham",2025,119,7.1,188017,110.82,75.0,True,False
250,The Intouchables,Biography,"After he becomes a quadriplegic from a paragliding accident, an aristocrat hires a young man from the projects to be his caregiver.",Olivier Nakache,"FranÃ§ois Cluzet, Omar Sy, Anne Le Ny, Audrey Fleurot",2020,112,8.6,557965,13.18,57.0,True,False
251,Bonjour Anne,Comedy,"Anne is at a crossroads in her life. Long married to a successful, driven but inattentive movie producer, she unexpectedly finds herself taking a car trip from Cannes to Paris with a ... See full summary Â»",Eleanor Coppola,"Diane Lane, Alec Baldwin, Arnaud Viard, Linda Gegusch",2023,92,4.9,178,0.32,50.0,False,False
252,Kynodontas,Drama,"Three teenagers live isolated, without leaving their house, because their over-protective parents say they can only leave when their dogtooth falls out.",Yorgos Lanthimos,"Christos Stergioglou, Michele Valley, Angeliki Papoulia, Hristos Passalis",2021,94,7.3,50946,0.11,73.0,True,False
253,Straight Outta Compton,Biography,"The group NWA emerges from the mean streets of Compton in Los Angeles, California, in the mid-1980s and revolutionizes Hip Hop culture with their music and tales about life in the hood.",F. Gary Gray,"O'Shea Jackson Jr., Corey Hawkins, Jason Mitchell,Neil Brown Jr.",2025,147,7.9,139831,161.03,72.0,True,False
254,The Amazing Spider-Man 2,Action,"When New York is put under siege by Oscorp, it is up to Spider-Man to save the city he swore to protect as well as his loved ones.",Marc Webb,"Andrew Garfield, Emma Stone, Jamie Foxx, Paul Giamatti",2024,142,6.7,342183,202.85,53.0,True,False
255,The Conjuring,Horror,Paranormal investigators Ed and Lorraine Warren work to help a family terrorized by a dark presence in their farmhouse.,James Wan,"Patrick Wilson, Vera Farmiga, Ron Livingston, Lili Taylor",2024,112,7.5,330305,137.39,68.0,True,False
256,The Hangover,Comedy,"Three buddies wake up from a bachelor party in Las Vegas, with no memory of the previous night and the bachelor missing. They make their way around the city in order to find their friend before his wedding.",Todd Phillips,"Zach Galifianakis, Bradley Cooper, Justin Bartha, Ed Helms",2021,100,7.8,611563,277.31,73.0,True,False
257,Battleship,Action,A fleet of ships is forced to do battle with an armada of unknown origins in order to discover and thwart their destructive goals.,Peter Berg,"Alexander SkarsgÃ¥rd, Brooklyn Decker, Liam Neeson,Rihanna",2022,131,5.8,210349,65.17,41.0,False,False
258,Rise of the Planet of the Apes,Action,"A substance, designed to help the brain repair itself, gives rise to a super-intelligent chimp who leads an ape uprising.",Rupert Wyatt,"James Franco, Andy Serkis, Freida Pinto, Karin Konoval",2020,105,7.6,422290,176.74,68.0,True,False
259,Lights Out,Horror,"Rebecca must unlock the terror behind her little brother's experiences that once tested her sanity, bringing her face to face with an entity attached to their mother.",David F. Sandberg,"Teresa Palmer, Gabriel Bateman, Maria Bello,Billy Burke",2023,81,6.4,69823,67.24,58.0,False,False
260,Norman: The Moderate Rise and Tragic Fall of a New York Fixer,Drama,"Norman Oppenheimer is a small time operator who befriends a young politician at a low point in his life. Three years later, when the politician becomes an influential world leader, Norman's life dramatically changes for better and worse.",Joseph Cedar,"Richard Gere, Lior Ashkenazi, Michael Sheen,Charlotte Gainsbourg",2023,118,7.1,664,2.27,76.0,True,False
261,Birdman or (The Unexpected Virtue of Ignorance),Comedy,"Illustrated upon the progress of his latest Broadway play, a former popular actor's struggle to cope with his current life as a wasted actor is shown.",Alejandro GonzÃ¡lez IÃ±Ã¡rritu,"Michael Keaton, Zach Galifianakis,Edward Norton, Andrea Riseborough",2024,119,7.8,440299,42.34,88.0,True,False
262,Black Swan,Drama,"A committed dancer wins the lead role in a production of Tchaikovsky's ""Swan Lake"" only to find herself struggling to maintain her sanity.",Darren Aronofsky,"Natalie Portman, Mila Kunis, Vincent Cassel,Winona Ryder",2020,108,8.0,581518,106.95,79.0,True,False
263,Dear White People,Comedy,The lives of four black students at an Ivy League college.,Justin Simien,"Tyler James Williams, Tessa Thompson, Kyle Gallner,Teyonah Parris",2024,108,6.2,21715,4.4,79.0,False,False
264,Nymphomaniac: Vol. I,Drama,A self-diagnosed nymphomaniac recounts her erotic experiences to the man who saved her after a beating.,Lars von Trier,"Charlotte Gainsbourg, Stellan SkarsgÃ¥rd, Stacy Martin, Shia LaBeouf",2024,117,7.0,90556,0.79,64.0,True,False
265,Teenage Mutant Ninja Turtles: Out of the Shadows,Action,"After facing Shredder, who has joined forces with mad scientist Baxter Stockman and henchmen Bebop and Rocksteady to take over the world, the Turtles must confront an even greater nemesis: the notorious Krang.",Dave Green,"Megan Fox, Will Arnett, Tyler Perry, Laura Linney",2023,112,6.0,59312,0.54,40.0,False,False
266,Knock Knock,Drama,"A devoted father helps two stranded young women who knock on his door, but his kind gesture turns into a dangerous seduction and a deadly game of cat and mouse.",Eli Roth,"Keanu Reeves, Lorenza Izzo, Ana de Armas, Aaron Burns",2025,99,4.9,53441,0.03,53.0,False,False
267,Dirty Grandpa,Comedy,"Right before his wedding, an uptight guy is tricked into driving his grandfather, a lecherous former Army Lieutenant-Colonel, to Florida for spring break.",Dan Mazer,"Robert De Niro, Zac Efron, Zoey Deutch, Aubrey Plaza",2023,102,6.0,75137,35.54,18.0,False,False
268,Cloud Atlas,Drama,"An exploration of how the actions of individual lives impact one another in the past, present and future, as one soul is shaped from a killer into a hero, and an act of kindness ripples across centuries to inspire a revolution.",Tom Tykwer,"Tom Hanks, Halle Berry, Hugh Grant, Hugo Weaving",2022,172,7.5,298651,27.1,55.0,True,False
269,X-Men Origins: Wolverine,Action,"A look at Wolverine's early life, in particular his time with the government squad Team X and the impact it will have on his later years.",Gavin Hood,"Hugh Jackman, Liev Schreiber, Ryan Reynolds, Danny Huston",2021,107,6.7,388447,179.88,40.0,True,False
270,Satanic,Horror,"Four friends on their way to Coachella stop off in Los Angeles to tour true-crime occult sites, only to encounter a mysterious young runaway who puts them on a terrifying path to ultimate horror.",Jeffrey G. Hunt,"Sarah Hyland, Steven Krueger, Justin Chon, Clara Mamet",2023,85,3.7,2384,,,False,False
271,Skyfall,Action,"Bond's loyalty to M is tested when her past comes back to haunt her. Whilst MI6 comes under attack, 007 must track down and destroy the threat, no matter how personal the cost.",Sam Mendes,"Daniel Craig, Javier Bardem, Naomie Harris, Judi Dench",2022,143,7.8,547386,304.36,81.0,True,False
272,The Hobbit: An Unexpected Journey,Adventure,"A reluctant hobbit, Bilbo Baggins, sets out to the Lonely Mountain with a spirited group of dwarves to reclaim their mountain home - and the gold within it - from the dragon Smaug.",Peter Jackson,"Martin Freeman, Ian McKellen, Richard Armitage,Andy Serkis",2022,169,7.9,668651,303.0,58.0,True,False
273,21 Jump Street,Action,A pair of underachieving cops are sent back to a local high school to blend in and bring down a synthetic drug ring.,Phil Lord,"Jonah Hill, Channing Tatum, Ice Cube,Brie Larson",2022,110,7.2,432046,138.45,69.0,True,False
274,Sing Street,Comedy,A boy growing up in Dublin during the 1980s escapes his strained family life by starting a band to impress the mysterious girl he likes.,John Carney,"Ferdia Walsh-Peelo, Aidan Gillen, Maria Doyle Kennedy, Jack Reynor",2023,106,8.0,52144,3.23,79.0,True,False
275,Ballerina,Animation,"An orphan girl dreams of becoming a ballerina and flees her rural Brittany for Paris, where she passes for someone else and accedes to the position of pupil at the Grand Opera house.",Eric Summer,"Elle Fanning, Dane DeHaan, Carly Rae Jepsen, Maddie Ziegler",2023,89,6.8,4729,,,True,False
276,Oblivion,Action,A veteran assigned to extract Earth's remaining resources begins to question what he knows about his mission and himself.,Joseph Kosinski,"Tom Cruise, Morgan Freeman, Andrea Riseborough, Olga Kurylenko",2024,124,7.0,410125,89.02,54.0,True,False
277,22 Jump Street,Action,"After making their way through high school (twice), big changes are in store for officers Schmidt and Jenko when they go deep undercover at a local college.",Phil Lord,"Channing Tatum, Jonah Hill, Ice Cube,Nick Offerman",2024,112,7.1,280110,191.62,71.0,True,False
278,Zodiac,Crime,"In the late 1960s/early 1970s, a San Francisco cartoonist becomes an amateur detective obsessed with tracking down the Zodiac Killer, an unidentified individual who terrorizes Northern California with a killing spree.",David Fincher,"Jake Gyllenhaal, Robert Downey Jr., Mark Ruffalo,Anthony Edwards",2020,157,7.7,329683,33.05,78.0,True,False
279,Everybody Wants Some!!,Comedy,"In 1980, a group of college baseball players navigate their way through the freedoms and responsibilities of unsupervised adulthood.",Richard Linklater,"Blake Jenner, Tyler Hoechlin, Ryan Guzman,Zoey Deutch",2023,117,7.0,36312,3.37,83.0,True,False
280,Iron Man Three,Action,"When Tony Stark's world is torn apart by a formidable terrorist called the Mandarin, he starts an odyssey of rebuilding and retribution.",Shane Black,"Robert Downey Jr., Guy Pearce, Gwyneth Paltrow,Don Cheadle",2024,130,7.2,591023,408.99,62.0,True,False
281,Now You See Me,Crime,An FBI agent and an Interpol detective track a team of illusionists who pull off bank heists during their performances and reward their audiences with the money.,Louis Leterrier,"Jesse Eisenberg, Common, Mark Ruffalo, Woody Harrelson",2024,115,7.3,492324,117.7,50.0,True,False
282,Sherlock Holmes,Action,Detective Sherlock Holmes and his stalwart partner Watson engage in a battle of wits and brawn with a nemesis whose plot is a threat to all of England.,Guy Ritchie,"Robert Downey Jr., Jude Law, Rachel McAdams, Mark Strong",2021,128,7.6,501769,209.02,57.0,True,False
283,Death Proof,Thriller,"Two separate sets of voluptuous women are stalked at different times by a scarred stuntman who uses his ""death proof"" cars to execute his murderous plans.",Quentin Tarantino,"Kurt Russell, ZoÃ« Bell, Rosario Dawson, Vanessa Ferlito",2020,113,7.1,220236,,,True,False
284,The Danish Girl,Biography,A fictitious love story loosely inspired by the lives of Danish artists Lili Elbe and Gerda Wegener. Lili and Gerda's marriage and work evolve as they navigate Lili's groundbreaking journey as a transgender pioneer.,Tom Hooper,"Eddie Redmayne, Alicia Vikander, Amber Heard, Ben Whishaw",2025,119,7.0,110773,12.71,66.0,True,False
285,Hercules,Action,"Having endured his legendary twelve labors, Hercules, the Greek demigod, has his life as a sword-for-hire tested when the King of Thrace and his daughter seek his aid in defeating a tyrannical warlord.",Brett Ratner,"Dwayne Johnson, John Hurt, Ian McShane, Joseph Fiennes",2024,98,6.0,122838,72.66,47.0,False,False
286,Sucker Punch,Action,"A young girl is institutionalized by her abusive stepfather, retreating to an alternative reality as a coping strategy, envisioning a plan to help her escape.",Zack Snyder,"Emily Browning, Vanessa Hudgens, Abbie Cornish,Jena Malone",2020,110,6.1,204874,36.38,33.0,False,False
287,Keeping Up with the Joneses,Action,A suburban couple becomes embroiled in an international espionage plot when they discover that their seemingly perfect new neighbors are government spies.,Greg Mottola,"Zach Galifianakis, Isla Fisher, Jon Hamm, Gal Gadot",2023,105,5.8,30405,14.9,34.0,False,False
288,Jupiter Ascending,Action,A young woman discovers her destiny as an heiress of intergalactic nobility and must fight to protect the inhabitants of Earth from an ancient and destructive industry.,Lana Wachowski,"Channing Tatum, Mila Kunis,Eddie Redmayne, Sean Bean",2025,127,5.3,150121,47.38,40.0,False,False
289,Masterminds,Action,A guard at an armored car company in the Southern U.S. organizes one of the biggest bank heists in American history. Based on the October 1997 Loomis Fargo robbery.,Jared Hess,"Zach Galifianakis, Kristen Wiig, Owen Wilson, Ross Kimball",2023,95,5.8,26508,17.36,47.0,False,False
290,Iris,Thriller,"Iris, young wife of a businessman, disappears in Paris. Maybe a mechanic with many debts is involved in the strange affair. A really complicated job for the police.",Jalil Lespert,"Romain Duris, Charlotte Le Bon, Jalil Lespert, Camille Cottin",2023,99,6.1,726,,,False,False
291,Busanhaeng,Action,"While a zombie virus breaks out in South Korea, passengers struggle to survive on the train from Seoul to Busan.",Sang-ho Yeon,"Yoo Gong, Soo-an Kim, Yu-mi Jung, Dong-seok Ma",2023,118,7.5,58782,2.13,72.0,True,False
292,Pitch Perfect,Comedy,"Beca, a freshman at Barden University, is cajoled into joining The Bellas, her school's all-girls singing group. Injecting some much needed energy into their repertoire, The Bellas take on their male rivals in a campus competition.",Jason Moore,"Anna Kendrick, Brittany Snow, Rebel Wilson, Anna Camp",2022,112,7.2,226631,65.0,66.0,True,False
293,Neighbors 2: Sorority Rising,Comedy,"When their new next-door neighbors turn out to be a sorority even more debaucherous than the fraternity previously living there, Mac and Kelly team with their former enemy, Teddy, to bring the girls down.",Nicholas Stoller,"Seth Rogen, Rose Byrne, Zac Efron, ChloÃ« Grace Moretz",2023,92,5.7,76327,55.29,58.0,False,False
294,The Exception,Drama,"A German soldier tries to determine if the Dutch resistance has planted a spy to infiltrate the home of Kaiser Wilhelm in Holland during the onset of World War II, but falls for a young Jewish Dutch woman during his investigation.",David Leveaux,"Lily James, Jai Courtney, Christopher Plummer, LoÃ¯s van Wijk",2023,107,7.7,96,,,True,False
295,Man of Steel,Action,"Clark Kent, one of the last of an extinguished race disguised as an unremarkable human, is forced to reveal his identity when Earth is invaded by an army of survivors who threaten to bring the planet to the brink of destruction.",Zack Snyder,"Henry Cavill, Amy Adams, Michael Shannon, Diane Lane",2024,143,7.1,577010,291.02,55.0,True,False
296,The Choice,Drama,Travis and Gabby first meet as neighbors in a small coastal town and wind up in a relationship that is tested by life's most defining events.,Ross Katz,"Benjamin Walker, Teresa Palmer, Alexandra Daddario,Maggie Grace",2023,111,6.6,20514,18.71,26.0,True,False
297,Ice Age: Collision Course,Animation,"Manny, Diego, and Sid join up with Buck to fend off a meteor strike that would destroy the world.",Mike Thurmeier,"Ray Romano, Denis Leary, John Leguizamo, Chris Wedge",2023,94,5.7,34523,64.06,34.0,False,False
298,The Devil Wears Prada,Comedy,"A smart but sensible new graduate lands a job as an assistant to Miranda Priestly, the demanding editor-in-chief of a high fashion magazine.",David Frankel,"Anne Hathaway, Meryl Streep, Adrian Grenier, Emily Blunt",2021,109,6.8,302268,124.73,62.0,True,False
299,The Infiltrator,Biography,A U.S. Customs official uncovers a money laundering scheme involving Colombian drug lord Pablo Escobar.,Brad Furman,"Bryan Cranston, John Leguizamo, Diane Kruger, Amy Ryan",2023,127,7.1,43929,15.43,66.0,True,False
300,Enemy,Mystery,A man seeks out his exact look-alike after spotting him in a movie.,Denis Villeneuve,"Jake Gyllenhaal, MÃ©lanie Laurent, Sarah Gadon,Isabella Rossellini",2021,91,6.9,111558,1.01,61.0,True,False
301,Jagten,Drama,"A teacher lives a lonely life, all the while struggling over his son's custody. His life slowly gets better as he finds love and receives good news from his son, but his new luck is about to be brutally shattered by an innocent little lie.",Thomas Vinterberg,"Mads Mikkelsen, Thomas Bo Larsen, Annika Wedderkopp, Lasse FogelstrÃ¸m",2024,115,8.3,192263,0.61,76.0,True,False
